ID,NAME
1,Branch 1
2,Branch 2
3,Branch 3
4,Branch 4
5,Branch 5
6,Branch 6
7,Branch 7
8,Branch 8
9,Branch 9
10,Branch 10
11,Branch 11
12,Branch 12
13,Branch 13
14,Branch 14
15,Branch 15
16,Branch 16
17,Branch 17
18,Branch 18
19,Branch 19
20,Branch 20
21,Branch 21
22,Branch 22
23,Branch 23
24,Branch 24
25,Branch 25
26,Branch 26
27,Branch 27
28,Branch 28
29,Branch 29
30,Branch 30
31,Branch 31
32,Branch 32
33,Branch 33
34,Branch 34
35,Branch 35
36,Branch 36
37,Branch 37
38,Branch 38
39,Branch 39
40,Branch 40
41,Branch 41
42,Branch 42
43,Branch 43
44,Branch 44
45,Branch 45
46,Branch 46
47,Branch 47
48,Branch 48
49,Branch 49
50,Branch 50
51,Branch 51
52,Branch 52
53,Branch 53
54,Branch 54
55,Branch 55
56,Branch 56
57,Branch 57
58,Branch 58
59,Branch 59
60,Branch 60
61,Branch 61
62,Branch 62
63,Branch 63
64,Branch 64
65,Branch 65
66,Branch 66
67,Branch 67
68,Branch 68
69,Branch 69
70,Branch 70
71,Branch 71
72,Branch 72
73,Branch 73
74,Branch 74
75,Branch 75
76,Branch 76
77,Branch 77
78,Branch 78
79,Branch 79
80,Branch 80
81,Branch 81
82,Branch 82
83,Branch 83
84,Branch 84
85,Branch 85
86,Branch 86
87,Branch 87
88,Branch 88
89,Branch 89
90,Branch 90
91,Branch 91
92,Branch 92
93,Branch 93
94,Branch 94
95,Branch 95
96,Branch 96
97,Branch 97
98,Branch 98
99,Branch 99
100,Branch 100